Фамилия,"Имя, отчество",Login,Password,Role
Яковлев ,Ефим Ильяович,loginDEsar2018,2M2IQH,Заказчик
Васильева ,Маргарита Валерьяновна,loginDEuxd2018,*PI3KN,Менеджер по закупкам
Петухов ,Гордей Серапионович,loginDEepk2018,VZ&Ak7,Директор
Нестеров ,Виктор Юлианович,loginDEjhb2018,PNvt8N,Заказчик
Белоусов ,Антонин Яковович,loginDExzi2018,{+1T1M,Директор
Ермакова ,Александра Куприяновна,loginDEvva2018,G{q*LD,Мастер
Баранова ,Галина Еремеевна,loginDEudz2018,Xcjvmi,Заказчик
Лебедев ,Валерьян Кимович,loginDEyyj2018,z+U0XU,Менеджер по закупкам
Никонов ,Богдан Юлианович,loginDEvdj2018,5Eq6d|,Менеджер по продажам
Карпов ,Дмитрий Владимирович,loginDErwk2018,|nZOKu,Заказчик
Мартынов ,Онисим Ярославович,loginDElkc2018,BOvRGk,Менеджер по продажам
Кузнецов ,Созон Викторович,loginDEmge2018,C947}j,Менеджер по закупкам
Николаева ,Ирина Федотовна,loginDEtol2018,&ksGM5,Директор
Виноградов ,Ростислав Еремеевич,loginDEjwb2018,IQ+a01,Мастер
Лебедева ,Евдокия Ивановна,loginDEzhf2018,xws6L9,Директор
Иванов ,Игнатий Авксентьевич,loginDEobp2018,XNGjJy,Заказчик
Савин ,Пётр Артёмович,loginDEloi2018,azEz+L,Мастер
Голубев ,Семён Олегович,loginDEuau2018,FNnhJ1,Менеджер по закупкам
Горбачёв ,Ириней Викторович,loginDEdwi2018,n*aog&,Менеджер по продажам
Игнатьева ,Глафира Эдуардовна,loginDEecu2018,s6FMJ|,Мастер
Красильников ,Геннадий Романович,loginDEdfk2018,aqgkFV,Менеджер по продажам
Якушев ,Германн Мэлорович,loginDEkxq2018,8igB2p,Заказчик
Андреев ,Руслан Федосеевич,loginDEhqm2018,BPvGYj,Мастер
Козлов ,Эдуард Протасьевич,loginDEyzm2018,*Nx7JS,Директор
Галкин ,Ярослав Фролович,loginDEzbd2018,hWTIZR,Мастер
Назаров ,Иван Мартынович,loginDEoni2018,phdlXA,Менеджер по закупкам
Воронцов ,Владимир Игнатьевич,loginDEewk2018,4baKX7,Менеджер по продажам
Артемьев ,Даниил Дамирович,loginDEdfh2018,t0CrUG,Менеджер по закупкам
Абрамова ,Милица Аристарховна,loginDEufs2018,7CLi&1,Директор
Владимиров ,Протасий Витальевич,loginDEzsy2018,a6}lPi,Мастер
Агафонов ,Ириней Фёдорович,loginDElzj2018,Ph0lH+,Менеджер по закупкам
Суворов ,Владислав Иринеевич,loginDEwtu2018,kVUA|*,Мастер
Яковлев ,Игнатий Даниилович,loginDEpyt2018,VAwNEk,Менеджер по закупкам
Павлов ,Константин Гордеевич,loginDEquw2018,65j6kZ,Заказчик
Щукина ,Марфа Глебовна,loginDEcxk2018,sM*fqO,Заказчик
Мишин ,Михаил Глебович,loginDEnxq2018,|yxsob,Мастер
Исакова ,София Юрьевна,loginDEpmm2018,wRERed,Менеджер по закупкам
Сысоева ,Виктория Максимовна,loginDEitt2018,L+OKpQ,Мастер
Большаков ,Владимир Филатович,loginDEttt2018,1YOnW3,Менеджер по продажам
Абрамова ,Оксана Ростиславовна,loginDExrn2018,eaI8ng,Заказчик
Зиновьев ,Иван Ильяович,loginDEelh2018,NNmfSo,Мастер
Евдокимов ,Алексей Антонович,loginDEwxd2018,Smjq0v,Заказчик
Романов ,Германн Серапионович,loginDEiho2018,UIlg{8,Менеджер по продажам
Логинов ,Егор Лаврентьевич,loginDEsyo2018,F743ca,Менеджер по закупкам
Кондратьев ,Бронислав Тихонович,loginDEmwq2018,YZ{snT,Директор
Александрова ,Нинель Мстиславовна,loginDEykk2018,EttWT{,Менеджер по закупкам
Терентьев ,Игорь Александрович,loginDEell2018,7wQfBj,Заказчик
Пахомов ,Гордей Борисович,loginDEdys2018,B}2V7t,Мастер
Большаков ,Яков Протасьевич,loginDEqoh2018,+xRJ|2,Мастер
Крылов ,Авдей Анатольевич,loginDEpdv2018,r1HuS2,Мастер
Петрова ,Иванна Андреевна,loginDEzqn2018,Lgd57H,Заказчик
Воронцов ,Никита Лаврентьевич,loginDEvzo2018,VO7mOE,Менеджер по продажам
Федосеев ,Иван Валентинович,loginDEiyy2018,Ip|*iS,Заказчик
Галкин ,Владислав Филатович,loginDEdgv2018,kfmvXj,Мастер
Киселёв ,Валерьян Евгеньевич,loginDEurj2018,9ImBsL,Менеджер по закупкам
Путин ,Станислав Протасьевич,loginDEaul2018,MTZb+A,Заказчик
Харитонов ,Германн Ефимович,loginDEbdx2018,F|mMSS,Мастер
Гурьева ,Ольга Аркадьевна,loginDEyzp2018,wFCnHN,Директор
Сысоев ,Демьян Антонинович,loginDErwb2018,v5RpBS,Директор
Шубин ,Тихон Лаврентьевич,loginDEpri2018,RI2*T9,Менеджер по продажам
Евсеев ,Эдуард Протасьевич,loginDEzpr2018,++NP+J,Менеджер по продажам
Мясников ,Борис Лукьевич,loginDEhfv2018,QpAY63,Менеджер по закупкам
Мартынова ,Клавдия Лукьяновна,loginDEyjy2018,20uyVz,Заказчик
Филатов ,Константин Вадимович,loginDEejw2018,4}szdy,Заказчик
Ефремов ,Протасий Протасьевич,loginDEdby2018,rleZVk,Менеджер по продажам
Михайлов ,Парфений Мэлорович,loginDEzqk2018,TOOuow,Менеджер по закупкам
Самойлов ,Богдан Геласьевич,loginDEjdf2018,*jzOGy,Директор
Громова ,Маргарита Митрофановна,loginDEycc2018,YeTO&L,Заказчик
Копылова ,Иванна Геласьевна,loginDEmoq2018,*bhJb4,Менеджер по закупкам
Носков ,Семён Васильевич,loginDEgtz2018,Tv&BVy,Мастер
Данилов ,Егор Валентинович,loginDEkuy2018,s4Vm64,Директор
Иванов ,Вячеслав Парфеньевич,loginDEpxb2018,wso}8C,Директор
Кошелева ,Василиса Якововна,loginDEbfn2018,RCt1Sk, Менеджер по закупкам
Данилов ,Мстислав Олегович,loginDEhqt2018,EhWhoq,Мастер
Горбунов ,Павел Леонидович,loginDExyh2018,CRk03h,Мастер
Никитин ,Борис Евгеньевич,loginDEjrd2018,8tl2a+,Менеджер по продажам
Доронина ,Фаина Якуновна,loginDEkma2018,jW{dgt,Заказчик
Поляков ,Лукьян Викторович,loginDEknj2018,hKZfoC,Заказчик
Уварова ,Наталья Евгеньевна,loginDEfvq2018,*uGVVE,Менеджер по продажам
Соболев ,Фрол Германович,loginDEvqh2018,oQmpma,Менеджер по продажам
Суворова ,Зинаида Александровна,loginDEcdg2018,UYNHsU,Заказчик
Федосеева ,Иванна Михаиловна,loginDEpdu2018,+g13tn,Директор
Кудряшов ,Михаил Протасьевич,loginDEgbi2018,c29wfj,Мастер
Аксёнова ,Александра Лаврентьевна,loginDEklt2018,5QO|u4,Мастер
Баранов ,Алексей Авдеевич,loginDEbka2018,|AbflR,Менеджер по продажам
Гришин ,Донат Константинович,loginDEthx2018,+t}zCu,Директор
Ершов ,Виктор Яковович,loginDErns2018,tz2wx5,Директор
Григорьев ,Митрофан Парфеньевич,loginDEybt2018,e7uyxU,Директор
Панов ,Донат Александрович,loginDEoyy2018,4a0mnh,Мастер
Буров ,Серапион Сергеевич,loginDEooj2018,GPf+Bw,Мастер
Дорофеева ,Светлана Брониславовна,loginDExbs2018,I6DDeV,Мастер
Суханова ,Ангелина Григорьевна,loginDEafi2018,hN8}Tj,Менеджер по закупкам
Сергеев ,Антонин Вадимович,loginDEzyb2018,ZG73**,Менеджер по закупкам
Комиссаров ,Тихон Варламович,loginDEhwk2018,TeoCY0,Менеджер по продажам
Ефимова ,Анжелика Николаевна,loginDEzby2018,n|MYCO,Мастер
Блинов ,Мэлор Дамирович,loginDExzu2018,Sch+GG,Заказчик
Блохина ,Акулина Якуновна,loginDExzf2018,6cmjFd,Мастер
Гущина ,Ксения Романовна,loginDEzva2018,0vLvlW,Менеджер по закупкам
Пахомов ,Донат Евсеевич,loginDEdya2018,tS2NmR,Директор
Дементьев ,Владлен Глебович,loginDEaou2018,1E6ONr,Заказчик
Мишин ,Ростислав Пантелеймонович,loginDEeqk2018,I{iaU4,Менеджер по продажам
Пестова ,Ия Святославовна,loginDErot2018,I+0E2j,Менеджер по продажам
Казакова ,Кира Вячеславовна,loginDEhkz2018,T6BAKi,Мастер
Жданов ,Ярослав Варламович,loginDEcxd2018,+WMe2B,Менеджер по продажам
Вишнякова ,Прасковья Всеволодовна,loginDEpty2018,m{Li1+,Директор
Панфилов ,Кондрат Антонинович,loginDEtaa2018,R8oTaQ,Заказчик
Буров ,Егор Арсеньевич,loginDEibc2018,qb8|Mk,Менеджер по закупкам
Рожков ,Глеб Гордеевич,loginDEwxv2018,qK6y{W,Заказчик
Федосеева ,Ольга Алексеевна,loginDEdmd2018,6xjzYR,Менеджер по закупкам
Яковлева ,Валерия Михаиловна,loginDEytk2018,7D9re0,Директор
Лукин ,Пётр Кондратович,loginDEqga2018,P+4p4a,Мастер
Дмитриев ,Никита Пётрович,loginDEaxl2018,V2S+Ih,Директор
Тарасова ,Зоя Якуновна,loginDEyan2018,uf6Krf,Директор
Исаков ,Константин Яковович,loginDEidg2018,YjZW6A,Заказчик
Юдин ,Валентин Геласьевич,loginDEwpm2018,zqnoi|,Заказчик
Селиверстова ,Анжела Алексеевна,loginDEpiz2018,JTXLk6,Мастер
Беляев ,Якун Протасьевич,loginDEdoo2018,1jH&}l,Заказчик
Сидоров ,Святослав Демьянович,loginDEjeh2018,IgW*|U,Мастер
Кабанов ,Виктор Парфеньевич,loginDEerm2018,XPr8zT,Заказчик
Рогов ,Ким Станиславович,loginDEdlu2018,JgY{Zo,Директор
Блинова ,Марфа Николаевна,loginDEplk2018,xQxtYm,Мастер
Тетерин ,Варлам Кимович,loginDEtix2018,Y5zv9+,Директор
Крюков ,Даниил Онисимович,loginDEarc2018,AZin*Q,Менеджер по продажам
Пахомова ,Антонина Еремеевна,loginDEpba2018,&HmMXH,Мастер
Харитонов ,Ириней Авксентьевич,loginDEyeg2018,CFEe+Z,Заказчик
Кузьмин ,Евсей Андреевич,loginDEshj2018,+XW3Bk,Мастер
Виноградов ,Матвей Анатольевич,loginDEchx2018,S5c&fX,Заказчик
Якушева ,Анастасия Якуновна,loginDEwvl2018,&9Vpqk,Менеджер по продажам
Егоров ,Евсей Константинович,loginDEeeg2018,fIqIdE,Заказчик
Морозова ,Феврония Всеволодовна,loginDEaeu2018,ubmJ{u,Мастер
Доронин ,Митрофан Лаврентьевич,loginDEend2018,SX8Z4A,Заказчик
Костин ,Константин Арсеньевич,loginDEtik2018,a&+vrv,Менеджер по закупкам
Сорокин ,Агафон Семёнович,loginDEmmh2018,x1wAHo,Менеджер по продажам
Мясникова ,Евфросиния Федотовна,loginDEcur2018,FuE312,Мастер
Власов ,Никита Мартынович,loginDEath2018,Ii{d2t,Мастер
Зуев ,Николай Георгьевич,loginDEdif2018,Tpivcr,Мастер
Жданов ,Степан Аристархович,loginDErnv2018,gJ1NYR,Заказчик
Кулагин ,Лукий Брониславович,loginDEhrc2018,sk1mgK,Менеджер по продажам
Кабанова ,Алла Фёдоровна,loginDEodw2018,AMSLmE,Заказчик
Соболева ,Валерия Всеволодовна,loginDEbed2018,282IYv,Менеджер по закупкам
Михеев ,Ярослав Антонович,loginDEnqq2018,XKrJOU,Менеджер по продажам
Комаров ,Всеволод Степанович,loginDEjgu2018,ELrDod,Менеджер по продажам
Белоусов ,Лукьян Геласьевич,loginDEwbn2018,96TfQ|,Менеджер по закупкам
Фёдоров ,Донат Егорович,loginDEfbq2018,}G4XKd,Менеджер по закупкам
Матвиенко ,Валерия Вячеславовна,loginDEccy2018,4zb2ow,Мастер
Калашников ,Бронислав Арсеньевич,loginDEuwn2018,wPbrBV,Менеджер по продажам
Турова ,Василиса Алексеевна,loginDEsty2018,Caam+a,Директор
Андреев ,Лаврентий Созонович,loginDEubl2018,R&o+7+,Менеджер по закупкам
Филиппова ,Фаина Фёдоровна,loginDEtqw2018,UJW+*N,Заказчик
Соболев ,Геннадий Якунович,loginDExic2018,bp&g7f,Менеджер по продажам
Михеева ,Евдокия Якововна,loginDEvdy2018,|9AaAE,Директор
Евдокимова ,Людмила Лаврентьевна,loginDEqhl2018,FQQRMz,Директор
Чернов ,Арсений Германнович,loginDEhya2018,+JQwYv,Заказчик
Бирюков ,Вячеслав Агафонович,loginDEffq2018,Vs0tGb,Менеджер по закупкам
Веселов ,Вячеслав Аркадьевич,loginDEopr2018,Oklkhh,Менеджер по продажам
Исаева ,Любовь Мэлоровна,loginDEmbm2018,g90TWM,Менеджер по закупкам
Гуляева ,Лидия Ростиславовна,loginDEsze2018,S*{8Ml,Заказчик
Сазонова ,Раиса Кондратовна,loginDEctg2018,dN+jod,Мастер
Пахомов ,Дмитрий Юлианович,loginDEruq2018,mXdZTI,Директор
Сафонов ,Семён Лаврентьевич,loginDEqpk2018,Tnh3DJ,Менеджер по продажам
Игнатьева ,Элеонора Олеговна,loginDEmhc2018,mMYPim,Заказчик
Жданова ,Ангелина Якуновна,loginDErvp2018,iIOsgI,Заказчик
Баранов ,Валерьян Игнатьевич,loginDEgdb2018,xLvXN{,Директор
Селезнёва ,Татьяна Антониновна,loginDExet2018,S*onWu,Менеджер по закупкам
Наумов ,Ефим Онисимович,loginDEupl2018,KE6*k|,Мастер
Филатова ,Пелагея Якуновна,loginDEkbx2018,T}4cTC,Менеджер по закупкам
Карпова ,Дарья Валерьевна,loginDEzwo2018,zkc0S},Менеджер по закупкам
Пономарёв ,Ярослав Лаврентьевич,loginDEvln2018,keXJ3o,Заказчик
Гурьев ,Евгений Витальевич,loginDEayj2018,+b6HrZ,Мастер
Игнатова ,Марфа Артёмовна,loginDEoby2018,*j704g,Менеджер по продажам
Бобров ,Пётр Леонидович,loginDEdje2018,Ros+rl,Заказчик
Кузнецова ,Элеонора Матвеевна,loginDEnux2018,{XMSKj,Директор
Кузьмин ,Василий Валерьевич,loginDEyhv2018,zNZYk{,Директор
Копылова ,Антонина Макаровна,loginDEuwy2018,m0S8Hy,Заказчик
Кабанов ,Гордей Геласьевич,loginDEkit2018,Zx89p+,Заказчик
Мельникова ,Прасковья Мстиславовна,loginDEzfi2018,VbhJh*,Менеджер по закупкам
Громов ,Куприян Святославович,loginDEbhd2018,a80d5I,Менеджер по продажам
Капустин ,Федот Русланович,loginDEpul2018,1y2EaM,Директор
Герасимов ,Донат Ефимович,loginDEsyc2018,IX+1o1,Менеджер по продажам
Панова ,Тамара Протасьевна,loginDEmqf2018,*eh|rQ,Заказчик
Ефремов ,Дмитрий Мартынович,loginDEhjw2018,dFb{aw,Директор
Поляков ,Евсей Алексеевич,loginDEcjd2018,F4Qv}x,Менеджер по закупкам
Беспалов ,Еремей Мартынович,loginDElnh2018,D+83Ot,Менеджер по закупкам
Тарасова ,Ксения Олеговна,loginDEebx2018,WTBC7e,Мастер
Кулаков ,Протасий Глебович,loginDEtbf2018,}g|DE+,Менеджер по продажам
Соловьёва ,Любовь Онисимовна,loginDEpjz2018,V8ArPO,Менеджер по закупкам
Владимиров ,Геннадий Еремеевич,loginDEfpm2018,oJ7&bs,Менеджер по продажам
Некрасова ,Клавдия Денисовна,loginDEdrx2018,*SZ7TL,Менеджер по закупкам
Казакова ,Фаина Антониновна,loginDEykq2018,Veq1N7,Директор
Сазонов ,Протасий Игоревич,loginDEthb2018,Lt7|ok,Менеджер по продажам
Исаев ,Антон Брониславович,loginDEbdb2018,nxULDN,Заказчик
Матвеев ,Илья Федосеевич,loginDEysy2018,*M+eyt,Директор
Шестаков ,Всеволод Лукьевич,loginDEjrt2018,x8St23,Мастер
Сергеев ,Еремей Серапионович,loginDEwim2018,Sbe&j},Мастер
Молчанова ,Эмилия Мэлсовна,loginDEbbt2018,IclO}d,Менеджер по продажам
Комаров ,Альвиан Юлианович,loginDEwbe2018,C&n1bj,Директор
Щукина ,Клавдия Куприяновна,loginDEgcb2018,St&dIw,Мастер
Суханов ,Лукий Ростиславович,loginDEvai2018,7dX5WR,Менеджер по закупкам
Мишина ,Глафира Вадимовна,loginDErbv2018,7NrYfL,Менеджер по продажам
Бобылёв ,Якун Альбертович,loginDEyis2018,qcBZOv,Заказчик
Маслов ,Геннадий Куприянович,loginDEmiy2018,dK6+AE,Заказчик
Кириллов ,Серапион Всеволодович,loginDExrj2018,WJrQlq,Менеджер по продажам
Горшкова ,Людмила Филатовна,loginDEtyl2018,C4f}5e,Менеджер по закупкам
Тарасова ,Людмила Макаровна,loginDEvrn2018,AfSRZI, Заказчик
Русаков ,Ярослав Агафонович,loginDEqoa2018,NUeFuT,Директор
Ефремова ,Варвара Иринеевна,loginDEyin2018,eikez3,Мастер
Игнатьев ,Федосей Парфеньевич,loginDEwpz2018,eMn{Kl,Директор
Степанова ,Маргарита Ильяовна,loginDEdmj2018,J+}Wvc,Менеджер по продажам
Блохина ,Александра Митрофановна,loginDEooq2018,pSp9XX,Заказчик
Яковлев ,Фёдор Мартынович,loginDEjoa2018,kChmEo,Директор
Журавлёва ,Пелагея Витальевна,loginDEszj2018,B6&cJf,Менеджер по закупкам
Корнилов ,Филат Артёмович,loginDEhzm2018,D*pP0+,Директор
Ковалёв ,Павел Денисович,loginDEsep2018,sG40du,Менеджер по продажам
Петров ,Вадим Мэлорович,loginDEhiq2018,IbJ}qw,Менеджер по закупкам
Нестеров ,Альберт Мстиславович,loginDEmww2018,ukBtoC,Директор
Терентьева ,Вероника Протасьевна,loginDEgju2018,C7nYc{,Директор
Белоусов ,Евсей Николаевич,loginDEcyg2018,UQA1Uu,Заказчик
Лебедев ,Парфений Якунович,loginDEjyc2018,cj9ECm,Менеджер по закупкам
Наумов ,Мстислав Павлович,loginDEvxf2018,yS2WHF,Менеджер по продажам
Поляков ,Яков Юлианович,loginDEajj2018,hzO1*o,Заказчик
Самойлова ,Клавдия Владленовна,loginDEjre2018,Ea5FeF,Заказчик
Гусева ,Алина Васильевна,loginDEelw2018,8m|p+S,Заказчик
Тимофеева ,Елизавета Мэлсовна,loginDEkea2018,82af{y,Менеджер по продажам
Гурьева ,Кира Варламовна,loginDExkx2018,8uXYWo,Мастер
Родионов ,Святослав Олегович,loginDEyxm2018,*DB|&d,Менеджер по закупкам
Белов ,Геласий Серапионович,loginDEuzv2018,|6J|mm,Директор
Уваров ,Руслан Иринеевич,loginDEyaa2018,8}w*yf,Менеджер по продажам
Сафонов ,Станислав Григорьевич,loginDEgpt2018,Gao1gX,Директор
Игнатьев ,Алексей Вадимович,loginDEojz2018,N50|5T,Менеджер по продажам
Елисеев ,Евсей Борисович,loginDEzqo2018,HHG+eY,Менеджер по закупкам
Воронцов ,Валерьян Даниилович,loginDEkfs2018,q}b+Tf,Менеджер по продажам
Князев ,Егор Донатович,loginDEqql2018,QHE5zz,Менеджер по закупкам
Ковалёва ,Мария Максимовна,loginDEmjf2018,p+u{vH,Менеджер по закупкам
Авдеев ,Константин Станиславович,loginDEjjx2018,DP|ubQ,Менеджер по закупкам
Семёнова ,Жанна Онисимовна,loginDEtch2018,TsU4a5,Мастер
Устинова ,Милица Георгьевна,loginDEpll2018,J9pnJW,Менеджер по продажам
Исаева ,Елена Валерьяновна,loginDEqcb2018,oMOLh+,Менеджер по продажам
Сорокин ,Лаврентий Аркадьевич,loginDEivc2018,Ci52qh,Заказчик
Наумова ,Пелагея Лукьяновна,loginDEybw2018,d+t136,Директор
Фадеев ,Христофор Вячеславович,loginDEtqn2018,IdjLc2,Директор
Блохин ,Богдан Улебович,loginDEtby2018,36YniT,Менеджер по закупкам
Громова ,Фаина Лаврентьевна,loginDEnrq2018,pn{5RN,Заказчик
Зыков ,Богдан Леонидович,loginDEill2018,5c|dSJ,Директор
Савельева ,Прасковья Георгьевна,loginDErzp2018,W6rx|w,Менеджер по закупкам
Петухова ,Элеонора Ильяовна,loginDEjgq2018,gJEYkn,Менеджер по продажам
Морозова ,Клавдия Святославовна, loginDEbho2018,AFvMyh,Директор
Колесников ,Пантелеймон Якунович,loginDErvi2018,|9LJNA,Директор
Орехова ,Агафья Пантелеймоновна,loginDEifv2018,V61gmp,Заказчик
Фадеев ,Виталий Анатольевич,loginDEqkn2018,KdU6uK,Заказчик
Блинова ,Прасковья Агафоновна,loginDExbf2018,Vl9R|I,Мастер
Игнатова ,Нинель Лаврентьевна,loginDEwkl2018,415qNv,Директор
Савин ,Донат Ярославович,loginDEqwd2018,Ix4V{i,Мастер
Романов ,Аристарх Ильяович,loginDEjno2018,kuLGGL,Менеджер по продажам
Мишин ,Эдуард Фёдорович,loginDEpgp2018,q|Ov9c,Мастер
Макарова ,Маргарита Всеволодовна,loginDEwua2018,*tyvel,Мастер
Носкова ,Нинель Иринеевна,loginDExdd2018,rp22fO,Менеджер по продажам
Суворов ,Егор Гордеевич,loginDEmom2018,0gSoaA,Мастер
Савельева ,Олимпиада Данииловна,loginDEfxd2018,uZm+f6,Менеджер по продажам
Ершова ,Василиса Ярославовна,loginDEfiy2018,nBm{qt,Директор
Антонов ,Андрей Георгьевич,loginDEnxj2018,Y+Yif+,Директор
Ефимова ,Ираида Митрофановна,loginDEcbu2018,zLj0GQ,Менеджер по закупкам
Субботин ,Максим Георгьевич,loginDExbv2018,71t|e{,Менеджер по закупкам
Тетерин ,Христофор Степанович,loginDEwcj2018,AMXhqA,Мастер
Абрамов ,Игорь Семёнович,loginDEsmd2018,ZWSZHe,Заказчик
Казаков ,Онисим Анатольевич,loginDEtug2018,b{7&Zf,Заказчик
Нестеров ,Андрей Даниилович,loginDEcsu2018,HOFZa6,Заказчик
Медведев ,Эдуард Антонович,loginDEfse2018,axoHxw,Менеджер по закупкам
Логинова ,Элеонора Дмитрьевна,loginDEgcl2018,swu*ZT,Директор
Сергеев ,Георгий Кимович,loginDEmzj2018,crY1JZ,Мастер
Медведьев ,Федосей Агафонович,loginDEvut2018,Y7Mm*Y,Менеджер по продажам
Ширяева ,Наина Васильевна,loginDEwkn2018,2*lKn+,Заказчик
Кузьмина ,Лукия Авдеевна,loginDEbwn2018,rr&WdV,Менеджер по продажам
Шестакова ,Иванна Ярославовна,loginDEzgc2018,UHIU&T,Мастер
Соболев ,Даниил Николаевич,loginDEzta2018,cMVEpF,Заказчик
Петрова ,Агафья Константиновна,loginDEsld2018,s1Ndyp,Мастер
Кудрявцев ,Евгений Александрович,loginDEvgu2018,m8VeJw,Заказчик
Хохлов ,Семён Авдеевич,loginDEqbh2018,GZq4nd,Менеджер по продажам
Нестеров ,Анатолий Донатович,loginDEokf2018,X3+RZ0,Менеджер по закупкам
Киселёв ,Анатолий Альвианович,loginDEcbi2018,UrluYp,Менеджер по закупкам
Нестеров ,Анатолий Павлович,loginDEgza2018,PXAA7c,Директор
Рогов ,Никита Вячеславович,loginDEswq2018,Rm&++t,Заказчик
Пестов ,Николай Константинович,loginDEqxo2018,8iqEG*,Менеджер по продажам
Сергеева ,Зоя Пётровна,loginDEguz2018,7wsWd4,Заказчик
Матвиенко ,Фаина Демьяновна,loginDEaro2018,LE}Woo,Менеджер по закупкам
Кулаков ,Авдей Донатович,loginDEaea2018,OQ8Kfz,Заказчик
Дмитриев ,Владислав Аркадьевич,loginDEzhp2018,16+8Jh,Директор
Шестакова ,Евдокия Авксентьевна,loginDEtzs2018,D9G6j1,Мастер
Блинов ,Мэлор Ильяович,loginDEvem2018,HiD*0c,Менеджер по закупкам
Щукин ,Федосей Павлович,loginDEvzy2018,T5Qaaa,Директор
Русаков ,Всеволод Игнатьевич,loginDErjn2018,5FMXpr,Мастер
Субботина ,Оксана Геннадьевна,loginDEiam2018,b+*n+0,Заказчик
Дорофеева ,Надежда Богдановна,loginDEyff2018,LB&hR+,Менеджер по продажам
Щукина ,Надежда Германновна,loginDEykt2018,XQlo|S,Менеджер по закупкам
Моисеева ,Надежда Протасьевна,loginDEcpb2018,|Be{Wn,Менеджер по продажам
Козлова ,Мария Валерьяновна,loginDEkww2018,KzFIWJ,Менеджер по продажам
Трофимова ,Наталья Семёновна,loginDEldo2018,oWfgBB,Менеджер по закупкам
Ефремов ,Дамир Яковович,loginDExhi2018,l6eiog,Заказчик
Нестерова ,Алина Ростиславовна,loginDEltt2018,vJCz+l,Менеджер по закупкам
Лазарев ,Святослав Олегович,loginDEaim2018,HdgRJI,Директор
Поляков , Мэлор Геннадьевич,loginDEndh2018,JUYAwS,Заказчик
Молчанов ,Лукий Митрофанович,loginDEpvn2018,v18sXi,Мастер
Семёнова ,Алина Эдуардовна,loginDEcxl2018,2ToouN,Менеджер по закупкам
Николаев ,Руслан Варламович,loginDEclw2018,h5Q{Nx,Заказчик
Костин ,Андрей Иринеевич,loginDEwik2018,DS{WpL,Менеджер по закупкам
Карпов ,Артём Кимович,loginDEjyb2018,om9BwD,Директор
Орехова ,Мария Станиславовна,loginDEndc2018,r3RSO9,Менеджер по закупкам
Зуев ,Глеб Игнатьевич,loginDEjhx2018,cQlCrZ,Директор
Аксёнова ,Нинель Кондратовна,loginDEqjm2018,thu8kK,Мастер
Никитин ,Аркадий Дмитрьевич,loginDElag2018,NupBH|,Заказчик
Тетерин ,Ириней Викторович,loginDEsct2018,1j*J8T,Директор
Дорофеев ,Александр Авдеевич,loginDEvoe2018,zC6|UG,Директор
Стрелков ,Борис Альбертович,loginDEklg2018,l9|xfT,Менеджер по закупкам
Уваров ,Макар Юрьевич,loginDEpzs2018,AVm+Oj,Менеджер по продажам
Андреева ,Ульяна Евгеньевна,loginDEala2018,46+ORY,Менеджер по закупкам
Кулагин ,Матвей Якунович,loginDEheo2018,XiJmr9,Директор
Ершова ,Элеонора Ивановна,loginDEzyn2018,TSGsPV,Заказчик
Васильев ,Роман Матвеевич,loginDEbir2018,ww9{S1,Менеджер по закупкам
Воронцова ,Наина Юрьевна,loginDEhmv2018,KE6+sS,Менеджер по закупкам
Ковалёв ,Аристарх Егорович,loginDEldj2018,kZwuDV,Директор
Ермаков ,Авдей Валентинович,loginDEqph2018,8OJ1yJ,Мастер
Никонов ,Игорь Мстиславович,loginDEuyn2018,kSOtL9,Заказчик
Князев ,Дамир Валерьевич,loginDEfyh2018,04JQix,Мастер
Фокин ,Бронислав Иванович,loginDEcvs2018,H*OqOg,Менеджер по закупкам
Сысоев ,Даниил Даниилович,loginDEqok2018,kZ6|yS,Директор
Мельникова ,Оксана Валентиновна,loginDEkvs2018,0GeIOP,Мастер
Громов ,Богдан Максимович,loginDEytr2018,|vfIq2,Менеджер по закупкам
Фомин ,Владимир Игнатьевич,loginDExid2018,FywuoL,Директор
Соколова ,Екатерина Руслановна,loginDEzxk2018,}+j40i,Менеджер по закупкам
Лыткина ,Милица Вячеславовна,loginDEjtd2018,ODotUj,Заказчик
Панов ,Пётр Пётрович,loginDEmyz2018,gKQ4r+,Директор
Агафонов ,Егор Еремеевич,loginDEuvg2018,}rhenI,Менеджер по продажам
Казаков ,Виктор Аркадьевич,loginDEajx2018,TaE4Dg,Менеджер по продажам
Дроздов ,Борис Мэлорович,loginDEigl2018,L2J*KI,Директор
Игнатьев ,Авксентий Германович,loginDEoxo2018,f}*V{M,Менеджер по продажам
Медведьев ,Николай Мстиславович,loginDEvhm2018,DT}WrU,Менеджер по продажам
Медведева ,Ирина Валентиновна,loginDEvys2018,CxXb+r,Мастер
Никонов ,Виктор Русланович,loginDEpjw2018,T*wJeK,Менеджер по продажам
Коновалов ,Владлен Юрьевич,loginDElxp2018,vKdJGk,Менеджер по закупкам
Алексеев ,Виктор Васильевич,loginDExfm2018,mh6|JS,Директор
Суворова ,Алина Антоновна,loginDEcxr2018,HCt|N1,Мастер
Жуков ,Игнатий Семёнович,loginDEuqk2018,3vE*Fb,Мастер
Терентьева ,Анна Дамировна,loginDExeb2018,Oa}fkk,Заказчик
Беспалов ,Григорий Христофорович,loginDEmri2018,s*YXSm,Мастер
Ермакова ,Лидия Григорьевна,loginDEvmr2018,t6aouh,Менеджер по закупкам
Стрелкова ,Лариса Варламовна,loginDEtyn2018,8qte+l,Менеджер по продажам
Костина ,Юлия Дмитрьевна,loginDEqqw2018,qlJ6vk,Менеджер по закупкам
Шарапова ,Марина Павловна,loginDEkjs2018,A8K6dL,Заказчик
Евдокимов ,Геннадий Макарович,loginDEvmb2018,TY5Gd5,Директор
Моисеев ,Лукьян Вадимович,loginDErbm2018,D6SSd+,Заказчик
Якушева ,Лукия Васильевна,loginDEoez2018,j7qgHy,Мастер
Меркушев ,Альберт Яковович,loginDEvij2018,7hn2va,Менеджер по закупкам
Вишнякова ,Ирина Агафоновна,loginDEjgh2018,7w4c6u,Заказчик
Медведева ,Валентина Никитевна,loginDEsrr2018,0fO0YH,Менеджер по закупкам
Кудрявцев ,Дамир Эдуардович,loginDEocb2018,6oLNd{,Директор
Беляков ,Владислав Богданович,loginDEpmv2018,kjE3El,Заказчик
Мамонтова ,Ия Лукьяновна,loginDEjov2018,zS&ClK,Менеджер по продажам
Цветкова ,Алина Улебовна,loginDEafs2018,Wiw0VR,Директор
Максимов ,Донат Игнатьевич,loginDEiky2018,G&fF7n,Заказчик
Беспалова ,Надежда Владимировна,loginDEoyu2018,}*E9Se,Менеджер по закупкам
Воробьёва ,Евпраксия Ильяовна,loginDEcpi2018,8lSh*o,Менеджер по закупкам
Миронова ,Глафира Сергеевна,loginDEjqp2018,zTKmDa,Заказчик
Тимофеев ,Фёдор Валентинович,loginDEhnh2018,m0WYQH,Директор
Ефимова ,Дарья Всеволодовна,loginDEuvi2018,U0W&Z&,Менеджер по продажам
Семёнова ,Марина Юрьевна,loginDEuug2018,aHl3qb,Менеджер по продажам
Смирнов ,Мэлор Кондратович,loginDErmf2018,U4jeNa,Мастер
Пономарёв ,Владлен Протасьевич,loginDEhnt2018,3X5|Jy,Директор
Вишняков ,Никита Семёнович,loginDEuvr2018,wu8lYK,Заказчик
Ларионова ,Антонина Игнатьевна,loginDEpsb2018,{O|F*N,Мастер
Пономарёв ,Христофор Русланович,loginDEher2018,cTlCHC,Мастер
Воронова ,Алла Юлиановна,loginDEyzh2018,8m6+}r,Заказчик
Сергеева ,Таисия Альвиановна,loginDElvm2018,elWeXR,Заказчик
Смирнов ,Евсей Сергеевич,loginDEron2018,ywlASa,Менеджер по продажам
Данилова ,Ангелина Аркадьевна,loginDEbzh2018,ysac1M,Заказчик
Лобанова ,Галина Демьяновна,loginDEnmc2018,X40l}h,Мастер
Горшкова ,Евгения Васильевна,loginDEypj2018,2*3jan,Мастер
Зайцева ,Октябрина Станиславовна,loginDEwvg2018,XcZ4xF,Директор
Шарапова ,Глафира Мстиславовна,loginDElqo2018,TiSXX{,Менеджер по продажам
Кулагин ,Мстислав Пётрович,loginDErhy2018,yQl65Q,Мастер
Сорокин ,Сергей Олегович,loginDEoqc2018,*Cm6gW,Менеджер по продажам
Кондратьев ,Альвиан Протасьевич,loginDEskh2018,X{x9ae,Директор
Сысоев ,Анатолий Арсеньевич,loginDEvkg2018,tzCLIX,Мастер
Иванов ,Антон Степанович,loginDEpnq2018,D69F&h,Заказчик
Попов ,Илья Филатович,loginDEyza2018,CsA9|P,Менеджер по продажам
Захарова ,Маргарита Авксентьевна,loginDEiai2018,OPjijt,Менеджер по продажам
Моисеев ,Лукий Борисович,loginDEbsc2018,myJPKm,Заказчик
Одинцов ,Никита Игоревич,loginDExsn2018,lY3vnH,Директор
Игнатов ,Демьян Матвеевич,loginDEnnv2018,rITdxe,Мастер
Щербакова ,Октябрина Евгеньевна,loginDEqwh2018,yBJ1BR,Менеджер по закупкам
Баранов ,Андрей Евсеевич,loginDEqdb2018,&S*k|o,Менеджер по продажам
Самойлов ,Агафон Юлианович,loginDExdk2018,qZhYRF,Менеджер по продажам
Кабанова ,Таисия Донатовна,loginDEgwd2018,AVPVNQ,Заказчик
Евсеева ,Тамара Эдуардовна,loginDExvb2018,QC7KQ0,Менеджер по продажам
Лапина ,Фёкла Мстиславовна,loginDEdhh2018,WpZhYf,Заказчик
Дроздов ,Владислав Эдуардович,loginDErhx2018,iCAe1v,Директор
Орехова ,Ираида Николаевна,loginDEenm2018,2s1Lxh,Мастер
Брагина ,Анастасия Кимовна,loginDEwqd2018,MF2TkC,Заказчик
Большаков ,Лаврентий Валерьевич,loginDEwom2018,fU+Q0O,Директор
Меркушева ,Евдокия Кимовна,loginDEngr2018,+yxoNp,Менеджер по продажам
Быкова ,Надежда Авксентьевна,loginDEjpa2018,cagBg7,Мастер
Бурова ,Екатерина Ефимовна,loginDEpgx2018,c**OJQ,Заказчик
Беспалов ,Михаил Фёдорович,loginDEnng2018,E{1p}t,Заказчик
Марков ,Вячеслав Владимирович,loginDEtmh2018,ZQ2*|q,Мастер
Дорофеева ,Марина Никитевна,loginDEcbm2018,puJ4i1,Мастер
Блохин ,Парфений Владленович,loginDEfae2018,pa&d4a,Директор
Самсонов ,Альвиан Игнатьевич,loginDEqzo2018,Gy3lzx,Менеджер по продажам
Орехова ,Наина Кондратовна,loginDEcan2018,SZKNx{,Мастер
Борисов ,Геннадий Вячеславович,loginDEobl2018,K+rV}b,Мастер
Афанасьев ,Владлен Евгеньевич,loginDEeyg2018,TOcMjG,Заказчик
Колобова ,Алина Парфеньевна,loginDEdld2018,6OKEWQ,Заказчик
Туров ,Христофор Филатович,loginDErvs2018,V7Rly7,Менеджер по закупкам
Мартынов ,Олег Олегович,loginDEpux2018,NrtA{k,Менеджер по продажам
Давыдова ,Елена Георгьевна,loginDEgwm2018,S2JKft,Заказчик
Лапин ,Павел Макарович,loginDEecp2018,iOJ*u2,Директор
Громова ,Ульяна Егоровна,loginDEvbv2018,4X6wL5,Директор
Нестерова ,Нина Юрьевна,loginDErxe2018,0egZd8,Заказчик
Захаров ,Фёдор Викторович,loginDEart2018,hnNvJ6,Менеджер по закупкам
Артемьева ,Вероника Улебовна,loginDEqwf2018,YD3ird,Заказчик
Зайцев ,Аристарх Егорович,loginDEszy2018,nq+dxM,Менеджер по продажам
Галкин ,Авксентий Ильяович,loginDEbvt2018,dQdmQF,Директор
Матвеев ,Павел Еремеевич,loginDEkws2018,fZj28G,Мастер
 Ершов ,Федосей Геласьевич,loginDEizo2018,0wQJ2L,Заказчик
Гущина ,Нонна Ефимовна,loginDEnnf2018,z|t5P{,Менеджер по закупкам
Матвеев ,Яков Христофорович,loginDEcpv2018,|titk+,Директор
Рожкова ,Пелагея Геннадьевна,loginDEnsx2018,czRSi3,Мастер
Щербакова ,Агата Матвеевна,loginDEazz2018,uhLV9n,Менеджер по закупкам
Александрова ,Иванна Лаврентьевна,loginDEjkw2018,8I8Yk1,Заказчик
Моисеев ,Фёдор Мэлсович,loginDEtri2018,0VC{f|,Менеджер по продажам
Трофимов ,Ярослав Валентинович,loginDEdlw2018,4tyo1M,Заказчик
Кондратьев ,Аркадий Михаилович,loginDEght2018,E3k7zP,Заказчик
Мартынов ,Матвей Антонович,loginDEhzq2018,QhSJos,Заказчик
Лыткин ,Сергей Агафонович,loginDEwia2018,qVG5zl,Директор
Тимофеев ,Федот Германнович,loginDEwmh2018,YTtWqJ,Менеджер по продажам
Евсеева ,Ксения Георгьевна,loginDEndq2018,cv7LdO,Менеджер по продажам
Гришина ,Глафира Мэлсовна,loginDErid2018,vMG+ko,Менеджер по продажам
Фёдоров ,Аркадий Николаевич,loginDExxh2018,UgbzHK,Заказчик
Гурьев ,Пётр Федотович,loginDEwoz2018,vAuXEx,Мастер
Марков ,Александр Созонович,loginDEdjc2018,x*slLs,Менеджер по закупкам
Попов ,Фрол Серапионович,loginDEgzq2018,FwZalk,Мастер
Жуков ,Тихон Германович,loginDEefa2018,O6TkFS,Мастер
Самсонова ,Феврония Арсеньевна,loginDEcdn2018,1MtIz},Мастер
Попова ,Татьяна Артёмовна,loginDEgwc2018,zWQpyU,Директор
Богданов ,Егор Андреевич,loginDEefc2018,Zaj{+Y,Заказчик
Третьяков ,Аристарх Геннадьевич,loginDEjef2018,J+F{R1,Заказчик
Вишнякова ,Людмила Евгеньевна,loginDEpib2018,VeJY8o,Менеджер по закупкам
Горшкова ,Полина Якововна,loginDEekp2018,wvC|+L,Мастер
Соболева ,Валентина Созоновна,loginDEjzb2018,lRjz+1,Заказчик
Ковалёва ,Феврония Всеволодовна,loginDEdqb2018,w+Sx*+,Заказчик
Иван ,Викторовна,loginDEptn2018,NXXNVO,Менеджер по закупкам
Евсеев ,Денис Борисович,loginDEcna2018,c4RbaU,Менеджер по продажам
Степанов ,Виталий Лукьевич,loginDEdrj2018,eD*hjv,Заказчик
Никифоров ,Всеволод Иванович,loginDEjrm2018,Cpb+Im,Заказчик
Воронов ,Донат Никитевич,loginDEpxl2018,P6h4Jq,Директор
Игнатьева ,Евгения Валентиновна,loginDEwgk2018,&mfI9l,Мастер
Буров ,Федот Егорович,loginDEpou2018,gX3f5Z,Директор
Иван ,Семёновна,loginDEjwl2018,D4ZYHt,Менеджер по продажам
Денисов ,Дамир Филатович,loginDEabf2018,*Tasm+,Мастер
Ершов ,Максим Геласьевич,loginDEwjm2018,k}DJKo,Мастер
Копылов ,Куприян Пётрович,loginDEjvz2018,&|bGTy,Менеджер по продажам
Носов ,Валерьян Дмитрьевич,loginDEuyv2018,8hhrZ},Менеджер по закупкам
Силин ,Игорь Авдеевич,loginDExdm2018,DH68L9,Директор
Дроздова ,Александра Мартыновна,loginDEeiv2018,H*BxlS,Менеджер по закупкам
Дроздов ,Аркадий Геласьевич,loginDEfuc2018,VuM+QT,Мастер
Боброва ,Варвара Евсеевна,loginDEoot2018,usi{aT,Менеджер по закупкам
Чернова ,Агата Данииловна,loginDElhk2018,Okk0jY,Менеджер по закупкам
Лыткина ,Ульяна Станиславовна,loginDEazg2018,s3bb|V,Мастер
Лаврентьев ,Леонид Игнатьевич,loginDEaba2018,+gLxUB,Директор
Кулаков ,Юрий Владленович,loginDEtco2018,tTKDJB,Мастер
Соловьёв ,Андрей Александрович,loginDEsyq2018,2QbpBN,Менеджер по продажам
Корнилова ,Марфа Макаровна,loginDEpxi2018,+5X&hy,Заказчик
Белоусова ,Любовь Георгьевна,loginDEicr2018,3+|Sn{,Заказчик
Анисимов ,Никита Гордеевич,loginDEcui2018,Zi1Tth,Менеджер по закупкам
Стрелкова ,Фаина Федосеевна,loginDEpxc2018,G+nFsv,Заказчик
Осипов ,Евгений Иванович,loginDEqrd2018,sApUbt,Директор
Владимирова ,Иванна Павловна,loginDEsso2018,+LHGST,Менеджер по закупкам
Кудрявцева ,Жанна Демьяновна,loginDErsy2018,{Aa6nS,Менеджер по продажам
Матвиенко ,Яков Брониславович,loginDEvpz2018,mS0UxK,Менеджер по продажам
Селезнёв ,Егор Артёмович,loginDEfog2018,glICay,Мастер
Брагин ,Куприян Митрофанович,loginDEpii2018,Ob}RZB,Заказчик
Гордеев ,Виктор Эдуардович,loginDEhyk2018,*gN}Tc,Директор
Мартынов ,Онисим Брониславович,loginDEdxi2018,ywLUbA,Менеджер по продажам
Никонова ,Евгения Павловна,loginDEzro2018,B24s6o,Менеджер по закупкам
Полякова ,Анна Денисовна,loginDEuxg2018,K8jui7,Заказчик
Макарова ,Пелагея Антониновна,loginDEllw2018,jNtNUr,Мастер
Андреева ,Анна Вячеславовна,loginDEddg2018,gGGhvD,Директор
Кудрявцева ,Кира Ефимовна,loginDEpdz2018,+XZKSw,Заказчик
Шилова ,Кира Егоровна,loginDEyiw2018,cnj3QR,Менеджер по продажам
Ситников ,Игорь Борисович,loginDEqup2018,95AU|R,Директор
Русаков ,Борис Христофорович,loginDExil2018,w+++Ht,Директор
Капустина ,Ульяна Игоревна,loginDEkuv2018,Ade++|,Менеджер по закупкам
Беляков ,Семён Германнович,loginDEmox2018,Je}9e7,Менеджер по продажам
Гурьев ,Ириней Игнатьевич,loginDEvug2018,lEa{Cn,Заказчик
Мишин ,Христофор Леонидович,loginDEzre2018,N*VX+G,Заказчик
Лазарева ,Антонина Христофоровна,loginDEbes2018,NaVtyH,Менеджер по закупкам
Маркова ,Ираида Сергеевна,loginDEkfg2018,r1060q,Заказчик
Носкова ,Пелагея Валерьевна,loginDEyek2018,KY2BL4,Заказчик
Баранов ,Станислав Дмитрьевич,loginDEloq2018,NZV5WR,Директор
Ефремов ,Демьян Артёмович,loginDEjfb2018,TNT+}h,Менеджер по продажам
Константинов ,Всеволод Мэлсович,loginDEueq2018,GqAUZ6,Менеджер по закупкам
Ситникова ,Ираида Андреевна,loginDEpqz2018,F0Bp7F,Менеджер по продажам
Матвеев ,Кондрат Иванович,loginDEovk2018,JyJM{A,Директор
Носков ,Альвиан Онисимович,loginDEhej2018,K9Z5Vp,Директор
Степанова ,Любовь Мэлсовна,loginDEqrj2018,PC2nrX,Менеджер по закупкам
Кононов ,Авдей Протасьевич,loginDEqca2018,hLEkgV,Заказчик
Ларионов ,Макар Якунович,loginDElme2018,|wu0n4,Менеджер по закупкам
Пахомова ,Эмилия Геласьевна,loginDEfnf2018,6cftrw,Мастер
Сысоев ,Виктор Варламович,loginDEpbt2018,}}vuSH,Директор
Денисова ,Ия Филатовна,loginDEhdc2018,iF+GK&,Мастер
Лобанова ,Акулина Игоревна,loginDEcox2018,y+vRV{,Менеджер по закупкам
Жуков ,Максим Николаевич,loginDEsds2018,SxMndn,Директор
Александрова ,Анжелика Евгеньевна,loginDEbye2018,sHjuzU,Менеджер по продажам
Коновалов ,Игнатий Юлианович,loginDEakk2018,f5aZnV,Менеджер по продажам
Михайлов ,Ростислав Вадимович,loginDEmrf2018,uEB&n4,Директор
Шаров ,Герман Митрофанович,loginDEyje2018,zxEUoz,Менеджер по продажам
Воронцова ,Нонна Дмитрьевна,loginDEhqg2018,0Z4{o3,Менеджер по продажам
Хохлова ,Мария Тихоновна,loginDExyv2018,wSMsO2,Директор
Уваров ,Федосей Донатович,loginDEwoq2018,0RQ1nZ,Менеджер по закупкам
Андреева ,Нина Михаиловна,loginDEkbf2018,mBqfYS,Директор
Новиков ,Николай Мэлсович,loginDEwtx2018,Ig3rQJ,Заказчик
Жданова ,Анна Еремеевна,loginDEhio2018,3Aaqne,Менеджер по продажам
Егорова ,Фёкла Кондратовна,loginDEome2018,hAOrBa,Менеджер по продажам
Зиновьев ,Лукий Владимирович,loginDEflj2018,alo84u,Заказчик
Пахомов ,Протасий Артёмович,loginDEnei2018,M2pIA8,Заказчик
Рожков ,Дамир Ростиславович,loginDEzbo2018,8km&kZ,Менеджер по закупкам
Наумова ,Лариса Антоновна,loginDEsdu2018,}MbQZe,Менеджер по продажам
Кузьмин ,Максим Антонинович,loginDEklp2018,kecK{O,Менеджер по закупкам
Беспалов ,Демьян Алексеевич,loginDEzdc2018,Zf8mx0,Заказчик
Суханов ,Мартын Глебович,loginDEkzp2018,G*n9OB,Директор
Сергеев ,Никита Валентинович,loginDEdqe2018,Gzy&A6,Менеджер по закупкам
Пахомова ,Тамара Владиславовна,loginDElmm2018,dbX7VE,Мастер
Герасимов ,Демьян Никитевич,loginDEnhf2018,PlKjdc,Заказчик
Гришина ,Феврония Егоровна,loginDEcrj2018,FI&nQq,Мастер
Козлова ,Вера Георгьевна,loginDExhd2018,8sE1Q5,Директор
Лазарева ,Мария Сергеевна,loginDEgcs2018,hNDB+t,Заказчик
Медведьев ,Василий Варламович,loginDEmub2018,RDXGd1,Заказчик
Орлов ,Виктор Павлович,loginDEqms2018,|uq7Lb,Менеджер по продажам
Журавлёв ,Агафон Мэлсович,loginDEvqe2018,wJzfcY,Директор
Тимофеев ,Мартын Еремеевич,loginDEupi2018,WNX1|z,Директор
Ларионов ,Мартын Геласьевич,loginDEwka2018,y}vBjg,Директор
Белозёров ,Андрей Николаевич,loginDEkkb2018,+zE&cU,Директор
Пономарёв ,Дмитрий Гордеевич,loginDEeni2018,mpWg+d,Менеджер по закупкам
Белозёрова ,Юлия Ростиславовна,loginDEset2018,CTN+IM,Директор
Щербаков ,Александр Федотович,loginDEmii2018,B84UwV,Менеджер по закупкам
Артемьев ,Даниил Филатович,loginDEikh2018,3yKW4y,Заказчик
Зиновьев ,Дамир Ефимович,loginDEaqv2018,nl0D9i,Мастер
Туров ,Лукий Альбертович,loginDErgc2018,Hr9YpQ,Директор
Смирнова ,Мария Иринеевна,loginDEntg2018,pVmHC0,Менеджер по закупкам
Крюкова ,Октябрина Геннадьевна,loginDEbuk2018,gLK7UQ,Менеджер по закупкам
Медведева ,Мария Антониновна,loginDEsib2018,pM3n0J,Менеджер по продажам
Назаров ,Степан Макарович,loginDEmqs2018,KRp6IW,Менеджер по продажам
Николаева ,Василиса Всеволодовна,loginDEljn2018,368eRp,Директор
Ефремов ,Сергей Пантелеймонович,loginDEppn2018,6}i+FD,Мастер
Родионова ,Тамара Валентиновна,loginDElqb2018,RNynil,Мастер
Миронова ,Галина Улебовна,loginDEydn2018,34I}X9,Менеджер по закупкам
Сидоров ,Роман Иринеевич,loginDEijg2018,4QlKJW,Менеджер по продажам
Ситников ,Парфений Всеволодович,loginDEdpy2018,MJ0W|f,Менеджер по продажам
Никонов ,Роман Геласьевич,loginDEwdm2018,&PynqU,Менеджер по продажам
Щербаков ,Владимир Матвеевич,loginDEdup2018,JM+2{s,Мастер
Кулаков ,Мартын Михаилович,loginDEhbm2018,9aObu4,Менеджер по закупкам
Сазонова ,Оксана Лаврентьевна,loginDExvq2018,hX0wJz,Директор
Архипов ,Варлам Мэлорович,loginDErks2018,LQNSjo,Менеджер по продажам
Устинова ,Ираида Мэлоровна,loginDErvb2018,ceAf&R,Директор
Лукин ,Георгий Альбертович,loginDEulo2018,+d0+iV,Директор
Кононов ,Эдуард Валентинович,loginDEgfw2018,3c2Ic1,Заказчик
Орехова ,Клавдия Альбертовна,loginDEmxb2018,ZPXcRS,Менеджер по закупкам
Яковлев ,Яков Эдуардович,loginDEgeq2018,&&Eim0,Менеджер по закупкам
Воронов ,Мэлс Семёнович,loginDEkhj2018,Pbc0t{,Мастер
Вишнякова ,Ия Данииловна,loginDEliu2018,32FyTl,Мастер
Третьяков ,Фёдор Вадимович,loginDEsmf2018,{{O2QG,Заказчик
Макаров ,Максим Ильяович,loginDEutd2018,GbcJvC,Менеджер по закупкам
Шубина ,Маргарита Анатольевна,loginDEpgh2018,YV2lvh,Менеджер по продажам
Блинова ,Ангелина Владленовна,loginDEvop2018,pBP8rO,Менеджер по закупкам
Воробьёв ,Владлен Фролович,loginDEwjo2018,EQaD|d,Мастер
Сорокина ,Прасковья Фёдоровна,loginDEbur2018,aZKGeI,Менеджер по продажам
Давыдов ,Яков Антонович,loginDEszw2018,EGU{YE,Мастер
Рыбакова ,Евдокия Анатольевна,loginDExsu2018,*2RMsp,Заказчик
Маслов ,Геннадий Фролович,loginDEztn2018,nJBZpU,Мастер
Цветкова ,Элеонора Аристарховна,loginDEtmn2018,UObB}N,Мастер
Евдокимов ,Ростислав Александрович,loginDEhep2018,SwRicr,Мастер
Никонова ,Венера Станиславовна,loginDEevr2018,zO5l}l,Мастер
Громов ,Егор Антонович,loginDEnpa2018,M*QLjf,Заказчик
Суворова ,Валерия Борисовна,loginDEgyt2018,Pav+GP,Директор
Мишина ,Елизавета Романовна,loginDEbrr2018,Z7L|+i,Мастер
Зимина ,Ольга Аркадьевна,loginDEyoo2018,UG1BjP,Директор
Игнатьев ,Игнатий Антонинович,loginDEaob2018,3fy+3I,Директор
Пахомова ,Зинаида Витальевна,loginDEwtz2018,&GxSST,Заказчик
Устинов ,Владимир Федосеевич,loginDEctf2018,sjt*3N,Директор
Кулаков ,Мэлор Вячеславович,loginDEipm2018,MAZl6|,Менеджер по продажам
Сазонов ,Авксентий Брониславович,loginDEjoi2018,o}C4jv,Мастер
Бурова ,Наина Брониславовна,loginDEwap2018,4hny7k,Менеджер по продажам
Фадеев ,Демьян Федосеевич,loginDEaxm2018,BEc3xq,Мастер
Бобылёва ,Дарья Якуновна,loginDEsmq2018,ATVmM7,Мастер
Виноградов ,Созон Арсеньевич,loginDEeur2018,n4V{wP,Мастер
Гордеев ,Владлен Ефимович,loginDEvke2018,WQLXSl,Мастер
Иванова , Зинаида Валерьевна,loginDEvod2018,0EW93v,Менеджер по продажам
Гусев ,Руслан Дамирович,loginDEjaw2018,h6z&Ky,Мастер
Маслов ,Дмитрий Иванович,loginDEpdp2018,8NvRfC,Менеджер по продажам
Антонова ,Ульяна Семёновна,loginDEjpp2018,oMOQq3,Заказчик
Орехова ,Людмила Владимировна,loginDEkiy2018,BQzsts,Менеджер по закупкам
Авдеева ,Жанна Куприяновна,loginDEhmn2018,a|Iz|7,Менеджер по продажам
Кузнецов ,Фрол Варламович,loginDEfmn2018,cw3|03,Заказчик
Лихачёв ,Онисим Гордеевич,loginDErfg2018,5ovb1N,Мастер
Рожков ,Тихон Владиславович,loginDEymi2018,nR0+pI,Директор
Павлов ,Максим Фёдорович,loginDEnbi2018,Ed*JQP,Заказчик
Шилов ,Матвей Альбертович,loginDEhvg2018,SaHv6w,Директор
Шаров ,Федосей Юрьевич,loginDEmbg2018,Fou{d3,Директор
Медведева ,Пелагея Мартыновна,loginDEubq2018,{jzW2v,Менеджер по продажам
Медведев ,Григорий Агафонович,loginDEosl2018,O3O}we,Менеджер по продажам
Соколова ,Марфа Всеволодовна,loginDErog2018,&W4Wtq,Заказчик
Петухова ,Василиса Еремеевна,loginDEsku2018,fUldqr,Директор
Беспалова ,Галина Дмитрьевна,loginDEatu2018,}nGbhZ,Менеджер по продажам
Андреева ,Александра Владиславовна,loginDEhks2018,XV|+W4,Менеджер по продажам
Селезнёв ,Федот Валентинович,loginDEzbl2018,ih4xKJ,Менеджер по продажам
Вишняков ,Сергей Иванович,loginDEoxa2018,mL+97r,Заказчик
Зимин ,Василий Русланович,loginDEssm2018,oBrTGr,Заказчик
Фадеева ,Регина Онисимовна,loginDEzxw2018,pX&AsH,Мастер
Артемьев ,Варлам Альбертович,loginDEkzo2018,n3es*S,Директор
Щербаков ,Лукий Онисимович,loginDEdaq2018,dWsvBS,Заказчик
Горбунов ,Матвей Сергеевич,loginDEnjd2018,0&3HHn,Заказчик
Зиновьева ,Варвара Антоновна,loginDEluw2018,S3wj{I,Менеджер по продажам
Фролов ,Юрий Варламович,loginDEole2018,p+kvb6,Менеджер по закупкам
Ларионова ,Василиса Владимировна,loginDEebl2018,+t&bky,Директор
Силин ,Вячеслав Валерьевич,loginDEfug2018,z|6cXV,Заказчик
Герасимова ,Феврония Валерьяновна,loginDEgfx2018,GFSZAB,Менеджер по закупкам
Пономарёва ,Вера Руслановна,loginDEtww2018,4icZTg,Менеджер по закупкам
Медведьев ,Руслан Богданович,loginDElyc2018,+SJEpd,Менеджер по продажам
Владимиров ,Геласий Пантелеймонович,loginDEcbd2018,GwG*p6,Менеджер по закупкам
Корнилов ,Иван Игоревич,loginDEcay2018,ehtG*H,Менеджер по продажам
Иван ,Вячеславовна,loginDEmel2018,8zmoSV,Директор
Ермакова ,Зинаида Данииловна,loginDEhqk2018,KBc4A+,Менеджер по закупкам
Пахомова ,Элеонора Григорьевна,loginDEkny2018,v2+4Ro,Мастер
Гущина ,Вера Ефимовна,loginDEmda2018,sG+NF0,Директор
Полякова ,Антонина Андреевна,loginDEhhf2018,d+GS5y,Заказчик
Зуева ,Марина Ильяовна,loginDEilc2018,eyRufZ,Менеджер по закупкам
Агафонов ,Агафон Максимович,loginDEwfv2018,ZSUiGT,Менеджер по закупкам
Архипов ,Агафон Игоревич,loginDEozn2018,nndP3Q,Директор
Лапина ,Иванна Аристарховна,loginDEbtr2018,FdZrI3,Мастер
Маслова ,Мария Аристарховна,loginDEcuf2018,aOdzYf,Мастер
Русаков ,Василий Куприянович,loginDEtye2018,MEJjQt,Менеджер по закупкам
Николаева ,Евдокия Пётровна,loginDEncq2018,GgG3m0,Менеджер по продажам
Прохоров ,Олег Брониславович,loginDEtmt2018,}FOh*},Менеджер по продажам
Зайцев ,Макар Владленович,loginDEyqb2018,xLmuQq,Менеджер по продажам
Жданов ,Сергей Гордеевич,loginDExld2018,a8Vjkx,Мастер
Нестеров ,Авдей Митрофанович,loginDEnig2018,Cm00D0,Заказчик
Григорьева ,Глафира Антоновна,loginDEmly2018,IZJ7O|,Мастер
Зыков ,Геласий Лаврентьевич,loginDElom2018,Yg}k84,Мастер
Александрова ,Марфа Протасьевна,loginDEvoa2018,RdGikC,Заказчик
Мухин ,Донат Ростиславович,loginDEwmq2018,ds4KAb,Директор
Костин ,Геласий Германнович,loginDEdba2018,D7xF6u,Мастер
Лазарев ,Протасий Игоревич,loginDEnsr2018,VZKTog,Менеджер по продажам
Пестов ,Богдан Германнович,loginDEqsc2018,UU|FkZ,Директор
Алексеев ,Владислав Аркадьевич,loginDEbct2018,Qg3gff,Заказчик
Савельева ,Евфросиния Арсеньевна,loginDEvtg2018,ETMNzL,Директор
Никонов ,Мэлс Лукьевич,loginDEuro2018,a1MIcO,Заказчик
Горшкова ,Агафья Онисимовна,loginDEpst2018,0CyGnX,Заказчик
Горбачёв ,Пантелеймон Германович,loginDEpsu2018,Vx9cQ{,Менеджер по закупкам
Ершова ,Иванна Максимовна,loginDEzqs2018,qM9p7i,Менеджер по продажам
Туров ,Денис Геласьевич,loginDEioe2018,yMPu&2,Менеджер по закупкам
Носова ,Наина Эдуардовна,loginDEcmk2018,3f+b0+,Директор
Куликов ,Андрей Святославович,loginDEfsp2018,&dtlI+,Мастер
Нестеров ,Агафон Георгьевич,loginDExcd2018,SZXZNL,Мастер
Козлов ,Геласий Христофорович,loginDEvlf2018,O5mXc2,Менеджер по закупкам
Борисова ,Анжелика Анатольевна,loginDEanv2018,Xiq}M3,Директор
Суханов ,Станислав Фролович,loginDEzde2018,tlO3x&,Менеджер по продажам
Тетерина ,Феврония Эдуардовна,loginDEriv2018,GJ2mHL,Менеджер по продажам
Муравьёва ,Александра Ростиславовна,loginDEhcp2018,n2nfRl,Менеджер по закупкам
Новикова ,Лукия Ярославовна,loginDEwjv2018,ZfseKA,Менеджер по продажам
Агафонова ,Лариса Михаиловна,loginDEiry2018,5zu7+},Менеджер по продажам
Сергеева ,Агата Юрьевна,loginDEgbr2018,}+Ex1*,Менеджер по закупкам
Колобова ,Елена Евгеньевна,loginDExxv2018,+daE|T,Менеджер по продажам
Ситников ,Николай Филатович,loginDEbto2018,b1iYMI,Заказчик
Белов ,Роман Иринеевич,loginDEfbs2018,v90Rep,Менеджер по закупкам
Волкова ,Алла Лукьевна,loginDEple2018,WlW+l8,Директор
Кудрявцева ,Таисия Игоревна,loginDEhhx2018,hmCHeQ,Менеджер по закупкам
Семёнова ,Октябрина Христофоровна,loginDEayn2018,Ka2Fok,Менеджер по закупкам
Смирнов ,Сергей Яковович,loginDEwld2018,y9HStF,Менеджер по продажам
Брагина ,Алина Валерьевна,loginDEhuu2018,X31OEf,Заказчик
Евсеев ,Игорь Донатович,loginDEmjb2018,5mm{ch,Менеджер по закупкам
Суворов ,Илья Евсеевич,loginDEdgp2018,1WfJjo,Менеджер по закупкам
Котов ,Денис Мартынович,loginDEgyi2018,|7nYPc,Директор
Бобылёва ,Юлия Егоровна,loginDEmvn2018,Mrr9e0,Заказчик
Брагин ,Бронислав Георгьевич,loginDEfoj2018,nhGc+D,Директор
Александров ,Владимир Дамирович,loginDEuuo2018,42XmH1,Заказчик
Фокин ,Ириней Ростиславович,loginDEhsj2018,s+jrMW,Мастер
Воронов ,Митрофан Антонович,loginDEvht2018,zMyS8Z,Заказчик
Маслов ,Мстислав Антонинович,loginDEeqo2018,l5CBqA,Мастер
Щербаков ,Георгий Богданович,loginDExrf2018,mhpRIT,Заказчик
Кириллова ,Эмилия Федосеевна,loginDEfku2018,a1m+8c,Менеджер по продажам
Васильев ,Серапион Макарович,loginDExix2018,hzxtnn,Директор
Галкина ,Олимпиада Владленовна,loginDEqrf2018,mI8n58,Менеджер по продажам
Яковлева ,Ксения Онисимовна,loginDEhlk2018,g0jSed,Мастер
Калашникова ,Александра Владимировна,loginDEwoe2018,yOtw2F,Директор
Медведьева ,Таисия Тихоновна,loginDExyu2018,7Fg}9p,Заказчик
Карпова ,Ольга Лукьевна,loginDEcor2018,2cIrC8,Заказчик
Герасимов ,Мстислав Дамирович,loginDEqon2018,YeFbh6,Менеджер по продажам
Тимофеева ,Ксения Валерьевна,loginDEyfd2018,8aKdb0,Мастер
Горбунов ,Вячеслав Станиславович,loginDEtto2018,qXYDuu,Менеджер по продажам
Кошелева ,Кира Владиславовна,loginDEdal2018,cJWXL0,Менеджер по продажам
Панфилова ,Марина Борисовна,loginDEbjs2018,Xap2ct,Менеджер по продажам
Кудрявцев ,Матвей Игоревич,loginDEdof2018,kD|LRU,Менеджер по продажам
Зуев ,Эдуард Пантелеймонович,loginDEsnh2018,+axm5b,Менеджер по закупкам
Герасимов ,Вячеслав Ростиславович,loginDEftn2018,gPq+a},Мастер
Суворов ,Всеволод Богданович,loginDEhuv2018,EJFYzS,Менеджер по закупкам
Ширяев ,Иван Игоревич,loginDEfhd2018,{4wU7n,Директор
Колобова ,Иванна Геннадьевна,loginDEaon2018,&OmaNE,Мастер
Шестаков ,Антон Константинович,loginDEyat2018,ELSTyH,Менеджер по продажам
Игнатьев ,Федосей Богданович,loginDEmin2018,pQ6jze,Менеджер по продажам
Горбунов ,Валентин Григорьевич,loginDEzal2018,zbU8R5,Менеджер по продажам
Терентьева ,Анжела Михаиловна,loginDEemw2018,NxhF5I,Директор
Мясникова ,Ия Евсеевна,loginDEmqt2018,SIasu5,Мастер
Горбунов ,Григорий Денисович,loginDEpxx2018,Xv{vjN,Менеджер по закупкам
Герасимов ,Олег Авксентьевич,loginDEetv2018,lNi&rF,Менеджер по продажам
Меркушева ,Нинель Матвеевна,loginDEonq2018,mKIIRQ,Заказчик
Степанов ,Григорий Матвеевич,loginDErhl2018,U}rb9j,Директор
Агафонов ,Владлен Станиславович,loginDEfou2018,O+S9hm,Заказчик
Кузнецов ,Фрол Георгьевич,loginDElno2018,le1vt2,Менеджер по закупкам
Игнатьев ,Борис Владиславович,loginDEtbx2018,CQplH|,Менеджер по закупкам
Симонов ,Юрий Созонович,loginDEltw2018,zvjkwE,Директор
Степанов ,Евсей Федотович,loginDEfuz2018,ILry03,Менеджер по закупкам
Зыков ,Вячеслав Антонович,loginDEygj2018,7b6PUb,Менеджер по закупкам
Анисимова ,Алина Протасьевна,loginDEwpn2018,9BBkXP,Мастер
Артемьева ,Лариса Макаровна,loginDEyix2018,6zbXg*,Менеджер по закупкам
Мамонтова ,Ия Христофоровна,loginDEtms2018,70Z&Zy,Директор
Котова ,Светлана Леонидовна,loginDEmgl2018,QJNgD&,Менеджер по продажам
Фёдорова ,Алла Брониславовна,loginDEhix2018,ZKnd*0,Мастер
Гущина ,Анжела Аркадьевна,loginDEwbk2018,iJMh5B,Менеджер по продажам
Дмитриев ,Григорий Мэлорович,loginDEpwa2018,yn5MLQ,Менеджер по продажам
Дроздова ,Фёкла Митрофановна,loginDElrx2018,lbX+dF,Мастер
Гаврилов ,Василий Германович,loginDEidx2018,R2j0mn,Менеджер по закупкам
Суханова ,Фаина Юрьевна,loginDEzmk2018,ZrgBk6,Мастер
Савельев ,Егор Сергеевич,loginDEvje2018,gCU1fd,Мастер
Иван ,Васильевна,loginDEwun2018,yy+Qhe,Заказчик
Сазонова ,Клавдия Евгеньевна,loginDEfzq2018,36H8f},Директор
Шаров ,Григорий Созонович,loginDEwel2018,UU5FTi,Мастер
Щербаков ,Кондрат Фёдорович,loginDEljg2018,CT44Gc,Мастер
Дроздов ,Дмитрий Юлианович,loginDEgsp2018,9ACW}r,Заказчик
Молчанов ,Юрий Лукьянович,loginDEjvp2018,etLGcB,Директор
Тихонов ,Валентин Авдеевич,loginDEapt2018,cwx{RH,Заказчик
Виноградов ,Юрий Лукьевич,loginDEilb2018,IN2Ahc,Менеджер по продажам
Горбунова ,Нинель Сергеевна,loginDErch2018,|&DFy+,Мастер
Маслов ,Леонид Николаевич,loginDEfwx2018,t|*wCk,Менеджер по закупкам
Родионова ,Венера Арсеньевна,loginDEggp2018,bBNxJb,Менеджер по закупкам
Агафонов ,Пантелеймон Гордеевич,loginDEbgb2018,VtmP58,Менеджер по закупкам
Кудрявцев ,Гордей Авксентьевич,loginDEnif2018,Nhj*t+,Менеджер по продажам
Лыткина ,Алевтина Романовна,loginDEsvs2018,tLgPnC,Менеджер по продажам
Князев ,Геласий Евсеевич,loginDEghx2018,gue+iw,Менеджер по продажам
Бирюкова ,Пелагея Дмитрьевна,loginDElmy2018,X2LtuP,Менеджер по закупкам
Быков ,Лаврентий Ярославович,loginDEevd2018,GMbcZN,Мастер
Воронов ,Олег Яковович,loginDEodd2018,s2|Eb1,Мастер
Богданова ,Марфа Владимировна,loginDEmrj2018,blrD&8,Директор
Беляев ,Донат Агафонович,loginDEyct2018,uD+|Ud,Директор
Константинова ,Вероника Агафоновна,loginDEsgg2018,qhgYnW,Менеджер по закупкам
Меркушев ,Мартын Федотович,loginDEdcd2018,LxR6YI,Мастер
Казаков ,Федот Кондратович,loginDEisg2018,Cp8ddU,Менеджер по закупкам
Карпов ,Улеб Леонидович,loginDEcph2018,7YpE0p,Директор
Королёв ,Матвей Вадимович,loginDEgco2018,nMr|ss,Мастер
Юдин ,Герман Кондратович,loginDEwjg2018,9UfqWQ,Заказчик
Беляева ,Анна Вячеславовна,loginDEjbz2018,xIAWNI,Директор
Беляев ,Валентин Артёмович,loginDEmgu2018,0gC3bk,Менеджер по продажам
Семёнов ,Герман Дмитрьевич,loginDErdg2018,ni0ue0,Менеджер по продажам
Шестаков ,Илья Антонинович,loginDEjtv2018,f2ZaN6,Заказчик
Власов ,Вадим Васильевич,loginDEtfj2018,{{ksPn,Мастер
Савельев ,Арсений Авксентьевич,loginDEpnb2018,{ADBdc,Директор
Ефимов ,Руслан Якунович,loginDEzer2018,5&R+zs,Директор
Бурова ,Марфа Федотовна,loginDEiin2018,y9l*b},Мастер
Селезнёв ,Александр Никитевич,loginDEqda2018,|h+r}I,Мастер
Кулакова ,Виктория Георгьевна,loginDEbnj2018,+SW2I3,Мастер
Дорофеева ,Кира Демьяновна,loginDEqte2018,dC8bDI,Мастер
Сафонова ,Нинель Якововна,loginDEfeo2018,8cI7vq,Мастер
Ситникова ,София Лукьевна,loginDEvni2018,e4pVIv,Заказчик
Медведев ,Ириней Геннадьевич,loginDEjis2018,A9K++2,Менеджер по закупкам
Суханова ,Евгения Улебовна,loginDExvv2018,R1zh}|,Менеджер по продажам
Игнатьев ,Владлен Дамирович,loginDEadl2018,F&IWf4,Менеджер по закупкам
Ефремов ,Христофор Владиславович,loginDEyzn2018,P1v24R,Заказчик
Кошелев ,Ростислав Куприянович,loginDEphn2018,F}jGsJ,Заказчик
Галкина ,Тамара Авксентьевна,loginDEdvk2018,NKNkup,Директор
Журавлёва ,Вера Арсеньевна,loginDEtld2018,c+CECK,Менеджер по закупкам
Савина ,Таисия Глебовна,loginDEima2018,XK3sOA,Директор
Иванов ,Яков Мэлорович,loginDEyfe2018,4Bbzpa,Заказчик
Лыткин ,Ким Алексеевич,loginDEwqc2018,vRtAP*,Менеджер по продажам
Логинов ,Федот Святославович,loginDEgtt2018,7YD|BR,Менеджер по закупкам
Русакова ,Марина Юлиановна,loginDEiwl2018,LhlmIl,Менеджер по закупкам
Константинов ,Пётр Кондратович,loginDEyvi2018,22beR},Директор
Поляков ,Анатолий Игоревич,loginDEtfz2018,uQY0ZQ,Заказчик
Панфилова ,Василиса Григорьевна,loginDEikb2018,*QkUxc,Директор
Воробьёв ,Герман Романович,loginDEdmi2018,HOGFbU,Заказчик
Андреев ,Ростислав Федосеевич,loginDEtlo2018,58Jxrg,Директор
Бобров ,Агафон Владимирович,loginDEsnd2018,lLHqZf,Директор
Лапин ,Алексей Витальевич,loginDEgno2018,4fqLiO,Директор
Шестаков ,Авдей Иванович,loginDEgnl2018,wdio{u,Мастер
Гаврилова ,Алина Эдуардовна,loginDEzna2018,yz1iMB,Заказчик
Жуков ,Юлиан Валерьянович,loginDEsyh2018,&4jYGs,Менеджер по закупкам
Пономарёв ,Максим Альвианович,loginDExex2018,rnh36{,Мастер
Зиновьева ,Мария Лаврентьевна,loginDEdjm2018,KjI1JR,Менеджер по продажам
Осипов ,Артём Мэлорович,loginDEgup2018,36|KhF,Заказчик
Лапин ,Вячеслав Геласьевич,loginDEdat2018,ussd8Q,Директор
Зуев ,Ириней Вадимович,loginDEffj2018,cJP+HC,Мастер
Коновалова ,Агафья Митрофановна,loginDEisp2018,dfz5Ii,Менеджер по закупкам
Исаев ,Дмитрий Аристархович,loginDEfrp2018,6dcR|9,Менеджер по продажам
Белозёрова ,Алевтина Лаврентьевна,loginDEaee2018,5&qONH,Мастер
Самсонов ,Агафон Максимович,loginDEthu2018,|0xWzV,Заказчик
Якушев ,Евсей Лукьевич,loginDEdcx2018,TYlFkM,Мастер
Фёдоров ,Святослав Григорьевич,loginDEnsa2018,LdqH+T,Мастер
Борисов ,Герман Дамирович,loginDErxm2018,8EavEy,Мастер
Ситников ,Серапион Фролович,loginDEaic2018,X2adoa,Менеджер по закупкам
Третьяков ,Валерьян Иринеевич,loginDEwul2018,uK&3Zr,Менеджер по закупкам
Комиссарова ,Мария Владимировна,loginDEjgl2018,++04Tb,Мастер
Меркушева ,Раиса Владленовна,loginDEgtk2018,pNWXhi,Заказчик
Калашникова ,Венера Якуновна,loginDEvrd2018,S7N9hz,Мастер
Комиссаров ,Семён Павлович,loginDExky2018,Kt9EAS,Директор
Денисов ,Митрофан Егорович,loginDExnj2018,IJDdP0,Менеджер по продажам
Матвиенко ,Дамир Богданович,loginDEnbu2018,86uDLd,Мастер
Кириллов ,Константин Алексеевич,loginDEiik2018,gKt2zV,Мастер
Медведьев ,Фёдор Мэлсович,loginDEwyi2018,9eskgK,Мастер
Карпов ,Евгений Лукьевич,loginDEpfr2018,mW1Q36,Мастер
Маркова ,Евдокия Артёмовна,loginDEjct2018,3WpoK9,Мастер
Красильников ,Тихон Богданович,loginDEsmg2018,ApH1By,Заказчик
Титов ,Семён Иринеевич,loginDEexu2018,Nt44pG,Менеджер по продажам
Кудряшов ,Борис Иринеевич,loginDEztr2018,MYCgB7,Менеджер по закупкам
Гаврилова ,Нинель Денисовна,loginDEwrc2018,SktJa|,Менеджер по закупкам
Быков ,Дмитрий Валерьянович,loginDEzjs2018,|x{s+X,Менеджер по закупкам
Фомичёв ,Денис Федосеевич,loginDEeka2018,mLZvLv,Менеджер по продажам
Белова ,Марфа Матвеевна,loginDEepr2018,BG6tpN,Директор
Романова ,Марина Лаврентьевна,loginDEsnq2018,hrD}}g,Директор
Беспалов ,Демьян Витальевич,loginDEvqn2018,LPa|e3,Мастер
Архипова ,Венера Демьяновна,loginDEery2018,*I0Rdi,Мастер
Носков ,Парфений Георгьевич,loginDElqv2018,Hqfw17,Заказчик
Зыков ,Иван Варламович,loginDEtuz2018,Yln7JW,Менеджер по закупкам
Иван ,Протасьевна,loginDEllr2018,hXtdCD,Менеджер по закупкам
Рожков ,Протасий Альвианович,loginDEisy2018,5k5dHN,Менеджер по продажам
Большакова ,Нинель Протасьевна,loginDEqiv2018,h+N2uW,Директор
Наумова ,Лидия Донатовна,loginDEmfu2018,{ZpDBn,Мастер
Панова ,Ольга Олеговна,loginDEgbd2018,+86Nf*,Менеджер по продажам
Комаров ,Аркадий Иванович,loginDEkdg2018,R0tt07,Директор
Федосеева ,Тамара Михаиловна,loginDEjrs2018,MVg{yd,Директор
Пестов ,Роман Михаилович,loginDEmvd2018,wyLDa{,Мастер
Блинов ,Артём Ильяович,loginDEctc2018,B&dlx+,Менеджер по закупкам
Владимирова ,Полина Иринеевна,loginDEavf2018,oDTttg,Заказчик
Силин ,Игнатий Яковович,loginDEako2018,tD8J5+,Директор
Кононов ,Геннадий Созонович,loginDEzrg2018,WXIgGi,Менеджер по закупкам
Дьячков ,Фрол Арсеньевич,loginDEdwq2018,WkTaBP,Менеджер по продажам
Горбачёв ,Арсений Григорьевич,loginDEszg2018,NWkAVP,Заказчик
Виноградов ,Яков Онисимович,loginDEmeh2018,HQ+m4W,Мастер
Лаврентьева ,Валентина Васильевна,loginDEpwm2018,be7AT0,Заказчик
Брагин ,Лукьян Мартынович,loginDEnaq2018,I8c5EB,Мастер
Трофимов ,Кондрат Игоревич,loginDEtuk2018,6aDAzV,Менеджер по закупкам
Степанова ,Глафира Авксентьевна,loginDEhsb2018,n|I6A0,Заказчик
Федосеев ,Пётр Григорьевич,loginDEaoi2018,Dl58m|,Менеджер по закупкам
Поляков ,Николай Антонович,loginDErmk2018,D3GuIv,Менеджер по продажам
Медведев ,Владимир Онисимович,loginDEfnd2018,74D9|d,Менеджер по продажам
Иван ,Мэлоровна,loginDEtza2018,A7Qldh,Менеджер по продажам
Медведева ,Ангелина Валентиновна,loginDEnoq2018,qyKzu6,Директор
Сафонова ,Дарья Брониславовна, loginDEmid2018,CVjLBK,Мастер
Большаков ,Федот Владимирович,loginDEaua2018,OJgRk4,Менеджер по продажам
Дроздов ,Куприян Александрович,loginDEvvs2018,oBv+5G,Менеджер по продажам
Рябова ,Лукия Руслановна,loginDEhne2018,Lidn5o,Директор
Артемьева ,Фаина Христофоровна,loginDEksx2018,gLTUuE,Директор
Комиссарова ,Варвара Руслановна,loginDEota2018,xc&O3U,Мастер
Романова ,Оксана Мартыновна,loginDEcda2018,Ji63Jt,Заказчик
Бобров ,Артём Валерьянович,loginDEhjr2018,4aeumW,Менеджер по закупкам
Соколов ,Василий Михаилович,loginDEtps2018,G&lq7J,Директор
Рогов ,Лукьян Онисимович,loginDEwdj2018,xj+&hg,Мастер
Фомичёва ,Светлана Тихоновна,loginDEgtc2018,ysRjen,Мастер
Макаров ,Егор Святославович,loginDEeib2018,DN0Zs&,Заказчик
Афанасьева ,Марфа Куприяновна,loginDEzjn2018,E8c864,Менеджер по продажам
Рыбаков ,Андрей Семёнович,loginDEdsm2018,dQPs1p,Менеджер по продажам
Белоусова ,Лариса Валерьяновна,loginDEuxs2018,5FVwny,Менеджер по закупкам
Ершов ,Сергей Геласьевич,loginDExss2018,AiQQ|q,Мастер
Иванова ,Жанна Матвеевна,loginDEtog2018,TE757+,Мастер
Носков ,Александр Богданович,loginDEjfr2018,nxLt10,Менеджер по продажам
Уваров ,Анатолий Парфеньевич,loginDEcnj2018,QCQd0Z,Заказчик
Некрасова ,Ирина Ильяовна,loginDEnsz2018,WS}BK1,Менеджер по продажам
Боброва ,Дарья Федосеевна,loginDEgva2018,SXlY&e,Мастер
Степанова ,Любовь Лукьевна,loginDErgi2018,ROPHET,Менеджер по закупкам
Меркушев ,Дамир Улебович,loginDEgho2018,kDKj}M,Менеджер по продажам
Хохлова ,Виктория Глебовна,loginDEgmb2018,czGJP5,Менеджер по закупкам
Мельникова ,Таисия Лукьяновна,loginDEunc2018,M*DY73,Заказчик
Кошелев ,Владислав Лукьянович,loginDEatn2018,h{QXsQ,Менеджер по продажам
Тетерин ,Всеволод Ростиславович,loginDEwlw2018,9gIoYv,Заказчик
Капустина ,Любовь Викторовна,loginDEunh2018,nhp6F0,Мастер
Комиссарова ,Дарья Парфеньевна,loginDEzvg2018,NEACzR,Заказчик
Назаров ,Евгений Юлианович,loginDEhhe2018,LKkrzY,Менеджер по продажам
Зайцев ,Юрий Анатольевич,loginDEfjj2018,dyv&fw,Заказчик
Селиверстова ,Дарья Георгьевна,loginDEtun2018,}TKwPx,Мастер
Наумова ,Вера Ивановна,loginDEmym2018,WhDPfl,Мастер
Быков ,Даниил Антонинович,loginDEmxi2018,uEQkUn,Менеджер по продажам
Корнилова ,Алина Игоревна,loginDEeiw2018,bLgTtm,Менеджер по закупкам
Родионов ,Григорий Антонович,loginDEotu2018,o5BP5N,Мастер
Волков ,Владлен Николаевич,loginDEiui2018,ce4&gT,Мастер
Дьячкова ,Ираида Якововна,loginDEcsm2018,*X3Tl8,Менеджер по закупкам
Орлов ,Юрий Андреевич,loginDEgwr2018,xhCEUR,Менеджер по закупкам
Гордеев ,Аристарх Русланович,loginDEjcu2018,2+JLPl,Заказчик
Зыков ,Варлам Протасьевич,loginDExyn2018,IFFTHr,Мастер
Фомичёв ,Богдан Федотович,loginDEzpz2018,PRI8h7,Директор
Дорофеева ,Валерия Павловна,loginDEhic2018,OPCVb1,Заказчик
Матвеев ,Борис Мэлорович,loginDEiwx2018,9{rX8I,Менеджер по продажам
Исакова ,Прасковья Олеговна,loginDEmos2018,gC*38U,Менеджер по продажам
Стрелков ,Максим Гордеевич,loginDEqov2018,AIINBG,Мастер
Волков ,Николай Ярославович,loginDEket2018,TN4H+S,Менеджер по закупкам
Мишин ,Донат Брониславович,loginDEayo2018,wHQKY5,Директор
Гурьев ,Матвей Артёмович,loginDEryt2018,XcFoH*,Директор
Одинцов ,Даниил Мстиславович,loginDEsvp2018,4kES&p,Менеджер по продажам
Юдин ,Антон Васильевич,loginDEiks2018,FXV&W*,Заказчик
Котова ,Элеонора Протасьевна,loginDEhyt2018,3E{ZDm,Менеджер по закупкам
Александров ,Евсей Тихонович,loginDExkt2018,2EyCBy,Менеджер по продажам
Денисов ,Яков Даниилович,loginDEjyt2018,E&Ac|h,Менеджер по продажам
Васильева ,Татьяна Пётровна,loginDErvn2018,6G+AZH,Директор
Гуляева ,Октябрина Кондратовна,loginDEitl2018,BECfk*,Менеджер по закупкам
Борисова ,Синклитикия Григорьевна,loginDEpfw2018,3kY3&K,Директор
Романова ,Евдокия Альбертовна,loginDEide2018,dFR{Aq,Мастер
Ефимов ,Руслан Улебович,loginDEtur2018,+yv5+x,Директор
Назаров ,Ким Кимович,loginDEtwc2018,oqx3Pv,Мастер
Никитина ,Татьяна Агафоновна,loginDEslj2018,YP*v6E,Менеджер по закупкам
Панов ,Никита Евсеевич,loginDEkxx2018,GhlUU&,Менеджер по закупкам
Журавлёва ,Елизавета Артёмовна,loginDEvdz2018,OhnHez,Мастер
Киселёв ,Бронислав Арсеньевич,loginDEnvw2018,blqZ85,Менеджер по продажам
Галкин ,Владислав Кимович,loginDEdno2018,PJ05BT,Мастер
Анисимова ,Таисия Улебовна,loginDEmmc2018,8a0pbC,Менеджер по закупкам
Якушев ,Валерьян Викторович,loginDEckd2018,apfX0U,Директор
Максимов ,Ириней Дамирович,loginDEbbm2018,l4tp}r,Заказчик
Миронова ,Валерия Владиславовна,loginDEppq2018,Wgi6Ff,Заказчик
Поляков ,Георгий Авдеевич,loginDEmnq2018,laFpJG,Менеджер по продажам
Фадеев ,Николай Денисович,loginDEmqg2018,4*M&VK,Заказчик
Авдеева ,Наталья Викторовна,loginDEazm2018,2seWAw,Менеджер по закупкам
Калинин ,Бронислав Денисович,loginDEapw2018,NX6N*N,Менеджер по продажам
Суворов ,Дамир Яковович,loginDEtic2018,gIXztH,Директор
Горбачёва ,Зоя Куприяновна,loginDEfgs2018,+H9B17,Заказчик
Романов ,Анатолий Юлианович,loginDEdrt2018,wg*xRp,Менеджер по закупкам
Соловьёва ,Полина Игоревна,loginDErtg2018,bg7NzS,Заказчик
Никифоров ,Владлен Васильевич,loginDEijp2018,*V969Y,Заказчик
Кулаков ,Федот Георгьевич,loginDEpnl2018,jinnCV,Мастер
Смирнова ,Елена Якововна,loginDExjm2018,0PYqey,Директор
Волков ,Федосей Святославович,loginDEecw2018,V8}GOZ,Заказчик
Мухин ,Леонид Антонович,loginDEdzx2018,+iBUvT,Мастер
Гурьева ,Ангелина Матвеевна,loginDEaaf2018,SIBZnG,Менеджер по продажам
Захаров ,Артём Вячеславович,loginDEqtm2018,fsKT+2,Заказчик
Баранова ,Евдокия Игнатьевна,loginDEfzb2018,0Q6cQY,Заказчик
Кулакова ,Оксана Ярославовна,loginDErqv2018,2LK9Pw,Мастер
Муравьёва ,Синклитикия Геннадьевна,loginDEzwx2018,3tICV1,Мастер
Медведев ,Евгений Эдуардович,loginDEjzi2018,5cDW2|,Директор
Савельева ,Феврония Фёдоровна,loginDEsjj2018,wuVex4,Менеджер по продажам
Лаврентьева ,Элеонора Агафоновна,loginDEidz2018,G5DP2D,Заказчик
Носов ,Альберт Ярославович,loginDEtqb2018,Y+Dq4P,Мастер
Капустин ,Фрол Пётрович,loginDEcdz2018,e1oDkm,Заказчик
Крюков ,Евсей Семёнович,loginDEoio2018,wHOAvL,Заказчик
Громов ,Протасий Георгьевич,loginDEljv2018,utbJSk,Директор
Ларионова ,Агата Ефимовна,loginDEcfc2018,GxVX}g,Менеджер по закупкам
Пономарёв ,Ким Семёнович,loginDEofx2018,dMTmGz,Заказчик
Герасимова ,Элеонора Вадимовна,loginDEhns2018,oX7tXV,Заказчик
Галкин ,Георгий Фёдорович,loginDExrk2018,8&vYwK,Заказчик
Воронова ,Антонина Всеволодовна,loginDEscf2018,O|o5A+,Мастер
Денисов ,Святослав Онисимович,loginDEyua2018,rW71Ck,Заказчик
Гаврилов ,Демьян Валентинович,loginDEgkj2018,yXC+SX,Директор
Аксёнова ,Маргарита Артёмовна,loginDEtad2018,cp1gN+,Заказчик
Королёв ,Якун Степанович,loginDEsan2018,q7Qx66,Мастер
Кузьмина ,Прасковья Онисимовна,loginDEgbx2018,qrB{e1,Мастер
Ефимова ,Александра Парфеньевна,loginDEusz2018,0||9by,Директор
Красильникова ,Лариса Ефимовна,loginDEanl2018,EcBP7N,Менеджер по закупкам
Ларионова ,Фёкла Филатовна,loginDEgzu2018,AkAXti,Директор
Шашков ,Филат Кимович,loginDEriw2018,W39VRH,Менеджер по продажам
Мамонтова ,Элеонора Максимовна,loginDEuup2018,yJ}w5s,Директор
Воробьёв ,Мартын Игоревич,loginDExeu2018,dObOMp,Заказчик
Корнилова ,Кира Брониславовна,loginDElkp2018,TA6grZ,Менеджер по закупкам
Лебедев ,Герман Евгеньевич,loginDEzfz2018,GzUp*R,Заказчик
Лазарев ,Мэлор Дмитрьевич,loginDEkhc2018,+4+F+o,Менеджер по закупкам
Зайцев ,Мэлс Русланович,loginDEwsi2018,8|JAAt,Менеджер по продажам
Устинова ,Зоя Созоновна,loginDExhs2018,g+wDAX,Мастер
Некрасова ,Алла Альбертовна,loginDEmad2018,cRKuGW,Мастер
Волков ,Ириней Ефимович,loginDEpav2018,7eur3a,Менеджер по продажам
Кондратьев ,Геннадий Дмитрьевич,loginDEave2018,|+aXyG,Директор
Копылова ,Ульяна Тихоновна,loginDEkro2018,N5|}vM,Менеджер по закупкам
Баранов ,Анатолий Митрофанович,loginDEdsu2018,aZZhZQ,Заказчик
Прохорова ,Нина Улебовна,loginDEfuv2018,xSvieW,Менеджер по продажам
Якушева ,Ольга Игнатьевна,loginDEsnk2018,lkR1ZZ,Менеджер по закупкам
Филиппов ,Борис Геннадьевич,loginDEppv2018,yg1DH+,Заказчик
Мишин ,Владлен Арсеньевич,loginDEkzy2018,DpvYbd,Мастер
Шилова ,Татьяна Георгьевна,loginDEpmj2018,0{6txi,Менеджер по продажам
Исаков ,Филат Григорьевич,loginDEagt2018,HDZ&8{,Менеджер по продажам
Трофимов ,Иван Антонинович,loginDEmch2018,IC2+2a,Заказчик
Туров ,Юлиан Парфеньевич,loginDEzeq2018,WlZOJ3,Директор
Котов ,Анатолий Арсеньевич,loginDEdts2018,lyy5BX,Директор
Антонов ,Германн Мартынович,loginDEgdn2018,rkaUu0,Заказчик
Кондратьева ,Наталья Юлиановна,loginDEmvy2018,3Y}DMk,Менеджер по закупкам
Дьячкова ,Екатерина Владленовна,loginDEjtt2018,eKlTzd,Директор
Ефимов ,Альвиан Серапионович,loginDEmty2018,J20FCe,Менеджер по продажам
Зимина ,Лукия Дмитрьевна,loginDEjmx2018,i{OH{c,Менеджер по закупкам
Сазонов ,Мэлор Созонович,loginDEygt2018,zDTc9&,Мастер
Медведева ,Лариса Ростиславовна,loginDEypc2018,vtxvjy,Заказчик
Кириллов ,Игнатий Ростиславович,loginDErip2018,re53rs,Мастер
Владимиров ,Егор Пётрович,loginDEahk2018,|tP8kR,Мастер
Мартынова ,Дарья Васильевна,loginDEbid2018,DeyUEY,Менеджер по закупкам
Иван ,Фёдоровна,loginDEupo2018,Az*YxR,Заказчик
Калинина ,Феврония Брониславовна,loginDEvel2018,dA5Kk+,Мастер
Крылова ,Людмила Германовна,loginDEnpc2018,AozkWP,Заказчик
Потапов ,Геннадий Созонович,loginDEigv2018,ZOYxOn,Мастер
Мельникова ,Нонна Альвиановна,loginDEwrl2018,CeSxSp,Менеджер по продажам
Авдеева ,Елизавета Федотовна,loginDEbbl2018,BXfnEL,Директор
Лапина ,Синклитикия Аристарховна,loginDEteq2018,YI+ss5,Менеджер по продажам
Третьяков ,Юрий Станиславович,loginDEdis2018,|1+hrs,Менеджер по закупкам
Николаев ,Ефим Константинович,loginDElsk2018,h0OP2P,Менеджер по продажам
Иванова ,Ирина Мэлсовна,loginDEegj2018,52*BRY,Мастер
